Filename,Warm,Cool,Bright,Mid,Dark,Red,Orange,Brown,Gold,Yellow,Lime,Green,Mint,SeaBlue,Sky,Blue,Purple,Pink,Black,White,Grey
img_.jpg,0.06585216522216797,0.934147834777832,0.11080169677734375,0.8780403137207031,0.011157989501953125,5.14984130859375e-05,0.000720977783203125,0.0002918243408203125,0.00061798095703125,0.0035943984985351562,0.060527801513671875,0.4326152801513672,0.0738992691040039,0.02794933319091797,0.02661418914794922,0.0030336380004882812,8.58306884765625e-06,4.76837158203125e-05,0.00046062469482421875,0.01720714569091797,0.3523597717285156
