Filename,Warm,Cool,Bright,Mid,Dark,Red,Orange,Brown,Gold,Yellow,Lime,Green,Mint,SeaBlue,Sky,Blue,Purple,Pink,Black,White,Grey
img.jpg,0.07092103119882522,0.9290789688011748,0.11699637168020552,0.8674542636487866,0.015549364671007884,0.00015636093699680065,0.0008795691276987027,0.00027495278086216737,0.0007511852967251864,0.005393053471088458,0.06341244222727606,0.4219273987881561,0.0765512683576444,0.029850017843176507,0.030135850609714396,0.004428154170018739,2.3625111752995728e-05,5.3467358177832434e-05,0.0009300833469074107,0.018035130541176704,0.34719744003262754
