Filename,Warm,Cool,Bright,Mid,Dark,Red,Orange,Brown,Gold,Yellow,Lime,Pink,Green,Mint,SeaBlue,Sky,Blue,Purple,Black,White,Grey
0e164ef622a43accec9a1cd27803b85fc.jpg,0.012421817356263125,0.9875781826437369,0.4329201430274136,0.5264430444406607,0.04063681253192576,0.0034950905272716952,0.003281684545093365,0.00025200068108292183,0.002188546455530961,0.0018480049946080935,0.0012009762188546456,0.00015551393382144275,0.005114932743061467,0.0054827175208581646,0.009600998921618708,0.08255065554231228,0.17251262841250922,0.001308814348146887,0.00957602588115103,0.2493909983540496,0.4520404109200295
