Filename,Warm,Cool,Bright,Mid,Dark,Red,Orange,Brown,Gold,Yellow,Lime,Green,Mint,SeaBlue,Sky,Blue,Purple,Pink,Black,White,Grey
pic2.jpg,0.09445528002229032,0.9055447199777097,0.17559606734864466,0.6161684512199976,0.20823548143135773,0.009970942960633682,0.03572423675516459,0.0025076623014767345,0.020061298411813876,0.01914580265095729,0.006269155753691837,0.0014130478048003821,0.00033833538988178164,0.000577160370974804,0.00919476177208136,0.5542132707081161,0.001731481112924412,0.0007761811885523225,0.07085141105759662,0.06285077419098038,0.20437447757035385
