Filename,Warm,Cool,Bright,Mid,Dark,Red,Orange,Brown,Gold,Yellow,Lime,Green,Mint,SeaBlue,Sky,Blue,Purple,Pink,Black,White,Grey
img (39).jpg,0.5225925925925926,0.4774074074074074,0.35199407407407407,0.5585481481481481,0.08945777777777777,0.008155555555555555,0.35935555555555554,0.08012444444444444,0.06231703703703704,0.011785185185185185,0.0008266666666666666,1.3333333333333333e-05,0.0,0.0,1.4814814814814815e-06,0.0020296296296296295,0.0,2.8148148148148147e-05,0.011235555555555556,0.10619555555555556,0.35793185185185183
