Filename,Warm,Cool,Bright,Mid,Dark,Red,Orange,Brown,Gold,Yellow,Lime,Green,Mint,SeaBlue,Sky,Blue,Purple,Pink,Black,White,Grey
1.jpg,0.3305595459527685,0.6694404540472315,0.37144185737536123,0.36535938486066366,0.26319875776397517,0.002391470422160959,0.07375361211678347,0.039209112498754445,0.02991517753346398,0.03446872820274355,0.1508183312850832,0.012038313349055037,9.341681336566247e-06,1.7645398080180688e-05,0.00018371973295246952,0.001401252200484937,0.0,3.1138937788554156e-06,0.10898420633075365,0.22467989171953368,0.32212608363503503
