Filename,Warm,Cool,Bright,Mid,Dark,Red,Orange,Brown,Gold,Yellow,Lime,Green,Mint,SeaBlue,Sky,Blue,Purple,Pink,Black,White,Grey
imgdata (25).jpg,0.00070953369140625,0.9992904663085938,0.037914276123046875,0.03194427490234375,0.9301414489746094,0.00070953369140625,0.0,0.0,0.0,0.0,0.0,0.0,0.000156402587890625,0.006435394287109375,0.023014068603515625,0.0010223388671875,0.0,0.0,0.9138031005859375,0.02675628662109375,0.028102874755859375
