Filename,Warm,Cool,Bright,Mid,Dark,Red,Orange,Brown,Gold,Yellow,Lime,Pink,Green,Mint,SeaBlue,Sky,Blue,Purple,Black,White,Grey
landscape (682).jpg,0.7887817037004249,0.21121829629957506,0.6901115439093485,0.30905436658994334,0.0008340895007082153,0.042134660499291786,0.41077732161827196,0.012379935375354107,0.09123251593484419,0.08147795679886685,0.15067142129957506,0.00010789217422096317,0.0004467842599150142,1.3832330028328613e-06,1.3832330028328613e-06,3.873052407932011e-05,0.006005997698300283,7.884428116147308e-05,9.26766111898017e-05,0.12810535809135978,0.07644713836756374
