Filename,Warm,Cool,Bright,Mid,Dark,Red,Orange,Brown,Gold,Yellow,Lime,Pink,Green,Mint,SeaBlue,Sky,Blue,Purple,Black,White,Grey
0bbc01c09e50abe970186348bb033d2ac.jpg,0.42964320388349514,0.5703567961165048,0.11970631067961165,0.5760412621359223,0.30425242718446605,0.06957281553398058,0.2564793689320388,0.027219660194174756,0.03946359223300971,0.01604247572815534,0.019348300970873786,0.001516990291262136,0.045383495145631066,0.006733009708737864,0.001875,0.009438106796116504,0.0031310679611650486,0.00025606796116504855,0.18031432038834952,0.04145995145631068,0.28176577669902914
