Filename,Warm,Cool,Bright,Mid,Dark,Red,Orange,Brown,Gold,Yellow,Lime,Green,Mint,SeaBlue,Sky,Blue,Purple,Pink,Black,White,Grey,Tone,DominantColor,Brightness,Contrast,Dissimilarity,Homogeneity,ASM/Energy,Correlation,caption
abstract_chicote-cfc_2668.jpg,0.7955665588378906,0.2044334411621093,0.4039077758789062,0.5643806457519531,0.0317115783691406,0.0465164184570312,0.7436981201171875,0.0006370544433593,0.0014495849609375,8.392333984375e-05,3.814697265625e-05,7.62939453125e-06,3.814697265625e-06,3.814697265625e-06,0.0004920959472656,0.064208984375,0.0021858215332031,0.003143310546875,0.0075721740722656,0.02349853515625,0.1064605712890625,Warm,Orange,Mid,86.23783023483367,6.080838735322898,0.2038098375027285,0.0163522778242535,0.9788360015919818,a painting of a lake filled with water
landscape (682).jpg,0.7887817037004249,0.211218296299575,0.6901115439093485,0.3090543665899433,0.0008340895007082,0.0421346604992917,0.4107773216182719,0.0123799353753541,0.0912325159348441,0.0814779567988668,0.150671421299575,0.000446784259915,1.3832330028328613e-06,1.3832330028328613e-06,3.873052407932011e-05,0.0060059976983002,7.884428116147308e-05,0.0001078921742209,9.26766111898017e-05,0.1281053580913597,0.0764471383675637,Warm,Orange,Bright,117.03549522456588,6.433632680639899,0.2309086359499968,0.0249771316338715,0.9726969704289156,a train on a train track near a field
landscape (686).jpg,0.1580086268742055,0.8419913731257945,0.2476369592695745,0.5575589434146815,0.1948040973157439,0.0389791592123976,0.0793949321159575,0.0074231034092155,0.0128773807961249,0.0101947429648182,0.0053032441578009,0.001938259773558,0.0003802800947194,0.0008369758113091,0.0426740792816571,0.0469191918283831,0.0011075770134617,0.0038360642178906,0.047687843083667,0.0302336160411673,0.6702135501978715,Cool,Grey,Mid,312.98725148998045,11.629587808073246,0.1243111950579791,0.0137289033745401,0.9387564034072684,a river with trees and a train on it
